{
  "project_info": {
    "project_number": "221878023421",
    "firebase_url": "https://plantlife-9f62d-default-rtdb.firebaseio.com",
    "project_id": "plantlife-9f62d",
    "storage_bucket": "plantlife-9f62d.appspot.com"
  },
  "client": [
    {
      "client_info": {
        "mobilesdk_app_id": "1:221878023421:android:c85c1df611b536c2d13a94",
        "android_client_info": {
          "package_name": "com.example.android.plantlifeapp"
        }
      },
      "oauth_client": [
        {
          "client_id": "221878023421-j7otv5ko2jepig8baff2j1nt3sa8ukvf.apps.googleusercontent.com",
          "client_type": 3
        }
      ],
      "api_key": [
        {
          "current_key": "AIzaSyAG_SMYXunMmYrwAOv2KFVU3IccAMYLUQ0"
        }
      ],
      "services": {
        "appinvite_service": {
          "other_platform_oauth_client": [
            {
              "client_id": "221878023421-j7otv5ko2jepig8baff2j1nt3sa8ukvf.apps.googleusercontent.com",
              "client_type": 3
            }
          ]
        }
      }
    }
  ],
  "configuration_version": "1"
}